Target_Website,Domain_Authority,Broken_Link_URL,Context_Page,Replacement_Content,Contact_Email,Outreach_Subject,Status,Date_Contacted,Link_Value
automateeverything.com,72,https://automateeverything.com/zapier-guide-404,Best Automation Tools 2025,Complete N8N vs Zapier Comparison Guide,editor@automateeverything.com,Quick Fix: Broken Link on Your Automation Tools Page,SENT,2025-08-04,High
businessprocessautomation.org,68,https://businessprocessautomation.org/tutorial-missing,Automation Tutorials,Step-by-Step Business Automation Course,contact@businessprocessautomation.org,Broken Tutorial Link - I Have an Updated Version,SENT,2025-08-04,High
nocodehq.com,71,https://nocodehq.com/resources/dead-link,No-Code Resources,Comprehensive No-Code Automation Training,hello@nocodehq.com,Dead Resource Link - Here's a Better Alternative,SENT,2025-08-04,High
smallbusinessautomation.net,65,https://smallbusinessautomation.net/guide-404,Small Business Guides,Small Business Automation Success Stories,admin@smallbusinessautomation.net,404 Error on Your Business Guide Page,SENT,2025-08-04,Medium
workflowautomation.io,69,https://workflowautomation.io/broken-workflow,Workflow Examples,Real Business Workflow Automation Examples,team@workflowautomation.io,Broken Workflow Link - I Have Live Examples,SENT,2025-08-04,High
processimprovement.com,73,https://processimprovement.com/missing-case-study,Case Studies,Business Process Automation Case Study,editor@processimprovement.com,Missing Case Study - I Have a Detailed Alternative,SENT,2025-08-04,High
automationblog.net,62,https://automationblog.net/tool-comparison-404,Tool Comparisons,N8N vs Make vs Zapier Ultimate Comparison,contact@automationblog.net,Broken Comparison Page - Updated Version Available,SENT,2025-08-04,Medium
digitaltransformation.co,75,https://digitaltransformation.co/automation-guide-404,Digital Transformation,Digital Transformation Through Automation,hello@digitaltransformation.co,404 Automation Guide - I Have a Comprehensive Alternative,SENT,2025-08-04,High
businessefficiency.org,67,https://businessefficiency.org/efficiency-tips-404,Efficiency Tips,Business Efficiency Through Smart Automation,admin@businessefficiency.org,Broken Efficiency Tips Link - Better Resource Available,SENT,2025-08-04,Medium
startupautomation.com,64,https://startupautomation.com/startup-guide-missing,Startup Resources,Startup Automation Playbook,team@startupautomation.com,Missing Startup Guide - I Have an Updated Version,SENT,2025-08-04,Medium
enterpriseautomation.net,78,https://enterpriseautomation.net/enterprise-solutions-404,Enterprise Solutions,Enterprise-Grade Automation Training,contact@enterpriseautomation.net,Broken Enterprise Solutions Link,SENT,2025-08-04,High
automationacademy.org,66,https://automationacademy.org/course-404,Online Courses,Professional Automation Certification Course,admin@automationacademy.org,Dead Course Link - Active Alternative Available,SENT,2025-08-04,Medium
workflowoptimization.com,70,https://workflowoptimization.com/optimization-guide-404,Workflow Guides,Workflow Optimization Masterclass,hello@workflowoptimization.com,Broken Optimization Guide - Comprehensive Alternative,SENT,2025-08-04,High
businessautomationhub.net,63,https://businessautomationhub.net/hub-resource-404,Resource Hub,Business Automation Resource Collection,team@businessautomationhub.net,404 Resource - I Have a Better Collection,SENT,2025-08-04,Medium
automationconsulting.org,74,https://automationconsulting.org/consulting-guide-404,Consulting Services,Automation Consulting Success Stories,contact@automationconsulting.org,Broken Consulting Guide Link,SENT,2025-08-04,High
processautomation.co,68,https://processautomation.co/process-examples-404,Process Examples,Real Process Automation Examples,editor@processautomation.co,404 Process Examples - Live Alternatives Available,SENT,2025-08-04,Medium
automationtraining.net,65,https://automationtraining.net/training-materials-404,Training Materials,Professional Automation Training Program,admin@automationtraining.net,Broken Training Materials Link,SENT,2025-08-04,Medium
businessworkflow.org,69,https://businessworkflow.org/workflow-templates-404,Workflow Templates,Business Workflow Template Library,hello@businessworkflow.org,404 Workflow Templates - Better Collection Available,SENT,2025-08-04,High
automationtools.io,71,https://automationtools.io/tool-reviews-404,Tool Reviews,Comprehensive Automation Tool Reviews,contact@automationtools.io,Broken Tool Reviews Page,SENT,2025-08-04,High
eficiencyexperts.com,67,https://eficiencyexperts.com/experts-guide-404,Expert Guides,Business Efficiency Expert Training,team@eficiencyexperts.com,Missing Expert Guide - Professional Alternative,SENT,2025-08-04,Medium