Domain,Authority,Strategy,Success Rate,Cost,Traffic,Difficulty
business2community.com,74,broken-link-building,85%,$646,1,783,medium
business2community.com,74,resource-page-inclusion,79%,$656,5,167,medium
business2community.com,74,resource-page-inclusion,85%,$712,10,134,medium
business2community.com,74,resource-page-inclusion,85%,$727,2,770,medium
business2community.com,74,broken-link-building,79%,$677,10,498,medium
business2community.com,74,broken-link-building,79%,$681,10,709,medium
business2community.com,74,unlinked-mention-reclaim,79%,$682,4,017,medium
business2community.com,74,resource-page-inclusion,79%,$702,2,329,medium
business2community.com,74,broken-link-building,79%,$707,1,239,medium
business2community.com,74,unlinked-mention-reclaim,85%,$769,6,493,medium
business2community.com,74,broken-link-building,79%,$719,6,393,medium
business2community.com,74,unlinked-mention-reclaim,79%,$732,4,638,medium
business2community.com,74,resource-page-inclusion,79%,$769,10,126,medium
business2community.com,74,broken-link-building,79%,$782,4,362,medium
business2community.com,74,broken-link-building,61%,$623,10,776,medium
business2community.com,74,broken-link-building,61%,$688,8,227,medium
contentmarketinginstitute.com,79,resource-page-inclusion,51%,$635,6,963,medium
business2community.com,74,resource-page-inclusion,61%,$729,6,658,medium
contentmarketinginstitute.com,79,resource-page-inclusion,51%,$699,8,962,medium
business2community.com,74,resource-page-inclusion,61%,$784,7,503,medium
business2community.com,74,broken-link-building,61%,$786,9,273,medium
contentmarketinginstitute.com,79,broken-link-building,51%,$714,5,946,medium
contentmarketinginstitute.com,79,resource-page-inclusion,51%,$723,4,682,medium
contentmarketinginstitute.com,79,unlinked-mention-reclaim,51%,$767,2,515,medium
contentmarketinginstitute.com,79,unlinked-mention-reclaim,51%,$767,3,236,medium
contentmarketinginstitute.com,79,unlinked-mention-reclaim,42%,$633,8,364,medium
contentmarketinginstitute.com,79,unlinked-mention-reclaim,51%,$782,6,356,medium
contentmarketinginstitute.com,79,resource-page-inclusion,42%,$645,9,281,medium
contentmarketinginstitute.com,79,broken-link-building,42%,$646,6,670,medium
contentmarketinginstitute.com,79,unlinked-mention-reclaim,42%,$651,4,839,medium
backlinko.com,78,broken-link-building,42%,$643,5,613,medium
contentmarketinginstitute.com,79,resource-page-inclusion,42%,$656,7,621,medium
contentmarketinginstitute.com,79,resource-page-inclusion,42%,$661,6,922,medium
contentmarketinginstitute.com,79,broken-link-building,42%,$669,3,294,medium
contentmarketinginstitute.com,79,resource-page-inclusion,42%,$670,10,106,medium
contentmarketinginstitute.com,79,unlinked-mention-reclaim,51%,$816,8,695,medium
contentmarketinginstitute.com,79,resource-page-inclusion,42%,$674,1,566,medium
contentmarketinginstitute.com,79,resource-page-inclusion,51%,$832,6,808,medium
contentmarketinginstitute.com,79,unlinked-mention-reclaim,42%,$688,2,755,medium
contentmarketinginstitute.com,79,broken-link-building,42%,$698,5,466,medium
contentmarketinginstitute.com,79,broken-link-building,42%,$703,6,929,medium
contentmarketinginstitute.com,79,broken-link-building,42%,$705,2,495,medium
contentmarketinginstitute.com,79,unlinked-mention-reclaim,42%,$706,6,684,medium
contentmarketinginstitute.com,79,resource-page-inclusion,42%,$728,7,709,medium
contentmarketinginstitute.com,79,broken-link-building,42%,$741,6,837,medium
contentmarketinginstitute.com,79,broken-link-building,42%,$746,10,298,medium
contentmarketinginstitute.com,79,broken-link-building,42%,$766,6,491,medium
backlinko.com,78,resource-page-inclusion,42%,$772,9,046,medium
contentmarketinginstitute.com,79,broken-link-building,42%,$784,8,522,medium
contentmarketinginstitute.com,79,resource-page-inclusion,42%,$808,7,736,medium
contentmarketinginstitute.com,79,unlinked-mention-reclaim,33%,$661,3,950,medium
neilpatel.com,77,unlinked-mention-reclaim,35%,$684,7,203,medium
contentmarketinginstitute.com,79,unlinked-mention-reclaim,33%,$670,3,696,medium
neilpatel.com,77,resource-page-inclusion,35%,$694,3,198,medium
backlinko.com,78,broken-link-building,34%,$693,2,985,medium
copyblogger.com,76,broken-link-building,35%,$704,10,618,medium
neilpatel.com,77,broken-link-building,35%,$727,9,376,medium
backlinko.com,78,unlinked-mention-reclaim,34%,$728,6,885,medium
backlinko.com,78,broken-link-building,34%,$732,2,665,medium
copyblogger.com,76,resource-page-inclusion,35%,$735,8,006,medium
neilpatel.com,77,resource-page-inclusion,29%,$627,2,977,medium
copyblogger.com,76,broken-link-building,35%,$765,10,247,medium
neilpatel.com,77,broken-link-building,35%,$783,1,926,medium
neilpatel.com,77,resource-page-inclusion,29%,$656,1,113,medium
copyblogger.com,76,resource-page-inclusion,35%,$782,10,682,medium
copyblogger.com,76,resource-page-inclusion,35%,$787,9,871,medium
neilpatel.com,77,broken-link-building,35%,$798,8,640,medium
copyblogger.com,76,unlinked-mention-reclaim,35%,$797,1,556,medium
backlinko.com,78,unlinked-mention-reclaim,34%,$795,10,797,medium
neilpatel.com,77,resource-page-inclusion,29%,$679,3,863,medium
contentmarketinginstitute.com,79,resource-page-inclusion,33%,$822,9,881,medium
neilpatel.com,77,resource-page-inclusion,29%,$707,1,303,medium
neilpatel.com,77,resource-page-inclusion,29%,$765,8,492,medium
marketingland.com,82,guest-post-outreach,27%,$828,8,315,hard
marketingland.com,82,guest-post-outreach,27%,$839,10,193,hard
marketingland.com,82,guest-post-outreach,27%,$658,7,155,hard
marketingland.com,82,guest-post-outreach,27%,$668,5,400,hard
marketingland.com,82,guest-post-outreach,27%,$674,7,528,hard
marketingland.com,82,guest-post-outreach,27%,$741,4,652,hard
marketingland.com,82,guest-post-outreach,27%,$742,10,728,hard
marketingland.com,82,guest-post-outreach,27%,$765,10,494,hard
marketingland.com,82,guest-post-outreach,27%,$774,9,437,hard
marketingland.com,82,guest-post-outreach,27%,$789,8,745,hard
marketingland.com,82,guest-post-outreach,27%,$805,1,830,hard
marketingland.com,82,guest-post-outreach,27%,$814,10,226,hard
marketingland.com,82,guest-post-outreach,27%,$833,3,680,hard
marketingland.com,82,guest-post-outreach,27%,$838,6,220,hard
marketingland.com,82,guest-post-outreach,27%,$842,1,411,hard
marketingland.com,82,guest-post-outreach,27%,$855,10,989,hard
searchenginejournal.com,84,guest-post-outreach,21%,$697,2,907,hard
searchenginejournal.com,84,guest-post-outreach,21%,$699,9,619,hard
searchenginejournal.com,84,guest-post-outreach,21%,$701,9,328,hard
searchenginejournal.com,84,guest-post-outreach,21%,$720,4,794,hard
searchenginejournal.com,84,guest-post-outreach,21%,$730,2,722,hard
socialmediaexaminer.com,80,guest-post-outreach,19%,$646,5,151,hard
searchenginejournal.com,84,guest-post-outreach,21%,$752,4,518,hard
searchenginejournal.com,84,guest-post-outreach,21%,$768,7,155,hard
searchenginejournal.com,84,guest-post-outreach,21%,$769,5,322,hard
searchenginejournal.com,84,guest-post-outreach,21%,$773,3,920,hard
searchenginejournal.com,84,guest-post-outreach,21%,$781,5,207,hard
socialmediaexaminer.com,80,guest-post-outreach,19%,$677,2,122,hard
searchenginejournal.com,84,guest-post-outreach,21%,$789,5,240,hard
searchenginejournal.com,84,guest-post-outreach,21%,$791,6,178,hard
searchenginejournal.com,84,guest-post-outreach,21%,$792,5,389,hard
searchenginejournal.com,84,guest-post-outreach,21%,$793,9,653,hard
socialmediaexaminer.com,80,guest-post-outreach,19%,$688,5,094,hard
searchenginejournal.com,84,guest-post-outreach,21%,$802,6,527,hard
socialmediaexaminer.com,80,guest-post-outreach,19%,$695,7,273,hard
searchenginejournal.com,84,guest-post-outreach,21%,$810,8,161,hard
searchenginejournal.com,84,guest-post-outreach,21%,$811,3,281,hard
socialmediaexaminer.com,80,guest-post-outreach,19%,$700,7,212,hard
socialmediaexaminer.com,80,guest-post-outreach,19%,$708,1,021,hard
socialmediaexaminer.com,80,guest-post-outreach,19%,$717,4,744,hard
socialmediaexaminer.com,80,guest-post-outreach,19%,$720,3,552,hard
searchenginejournal.com,84,guest-post-outreach,21%,$837,1,304,hard
searchenginejournal.com,84,guest-post-outreach,21%,$838,9,377,hard
socialmediaexaminer.com,80,guest-post-outreach,19%,$736,9,008,hard
socialmediaexaminer.com,80,guest-post-outreach,19%,$741,5,557,hard
searchenginejournal.com,84,guest-post-outreach,21%,$863,7,778,hard
socialmediaexaminer.com,80,guest-post-outreach,19%,$746,5,875,hard
socialmediaexaminer.com,80,guest-post-outreach,19%,$746,3,074,hard
searchenginejournal.com,84,guest-post-outreach,21%,$870,9,335,hard
socialmediaexaminer.com,80,guest-post-outreach,19%,$762,2,180,hard
entrepreneur.com,91,skyscraper-technique,16%,$733,7,868,impossible
entrepreneur.com,91,skyscraper-technique,16%,$749,10,204,impossible
socialmediaexaminer.com,80,guest-post-outreach,19%,$791,5,424,hard
entrepreneur.com,91,skyscraper-technique,16%,$765,2,580,impossible
entrepreneur.com,91,skyscraper-technique,16%,$771,4,398,impossible
socialmediaexaminer.com,80,guest-post-outreach,19%,$810,6,090,hard
socialmediaexaminer.com,80,guest-post-outreach,19%,$816,2,442,hard
socialmediaexaminer.com,80,guest-post-outreach,19%,$818,7,948,hard
socialmediaexaminer.com,80,guest-post-outreach,19%,$822,8,951,hard
socialmediaexaminer.com,80,guest-post-outreach,19%,$830,9,666,hard
socialmediaexaminer.com,80,guest-post-outreach,19%,$831,4,532,hard
socialmediaexaminer.com,80,guest-post-outreach,19%,$840,9,560,hard
entrepreneur.com,91,skyscraper-technique,16%,$805,8,698,impossible
entrepreneur.com,91,skyscraper-technique,16%,$805,6,747,impossible
entrepreneur.com,91,skyscraper-technique,16%,$807,6,700,impossible
entrepreneur.com,91,skyscraper-technique,16%,$811,3,557,impossible
entrepreneur.com,91,skyscraper-technique,16%,$820,6,533,impossible
entrepreneur.com,91,skyscraper-technique,16%,$830,4,635,impossible
entrepreneur.com,91,skyscraper-technique,16%,$842,2,357,impossible
entrepreneur.com,91,skyscraper-technique,16%,$846,8,022,impossible
entrepreneur.com,91,skyscraper-technique,16%,$848,8,764,impossible
entrepreneur.com,91,skyscraper-technique,16%,$882,3,650,impossible
entrepreneur.com,91,skyscraper-technique,16%,$883,7,869,impossible
entrepreneur.com,91,skyscraper-technique,16%,$889,9,076,impossible
inc.com,92,skyscraper-technique,13%,$751,3,555,impossible
inc.com,92,skyscraper-technique,13%,$753,3,125,impossible
entrepreneur.com,91,skyscraper-technique,16%,$920,9,574,impossible
inc.com,92,skyscraper-technique,13%,$762,10,389,impossible
inc.com,92,skyscraper-technique,13%,$776,1,650,impossible
inc.com,92,skyscraper-technique,13%,$786,1,489,impossible
inc.com,92,skyscraper-technique,13%,$791,7,298,impossible
inc.com,92,skyscraper-technique,13%,$797,5,407,impossible
inc.com,92,skyscraper-technique,13%,$805,4,416,impossible
inc.com,92,skyscraper-technique,13%,$806,9,310,impossible
inc.com,92,skyscraper-technique,13%,$816,5,302,impossible
inc.com,92,skyscraper-technique,13%,$828,6,840,impossible
inc.com,92,skyscraper-technique,13%,$830,1,760,impossible
inc.com,92,skyscraper-technique,13%,$832,9,855,impossible
inc.com,92,skyscraper-technique,13%,$841,8,243,impossible
inc.com,92,skyscraper-technique,13%,$851,8,240,impossible
inc.com,92,skyscraper-technique,13%,$858,1,922,impossible
inc.com,92,skyscraper-technique,13%,$859,1,767,impossible
inc.com,92,skyscraper-technique,13%,$871,7,486,impossible
inc.com,92,skyscraper-technique,13%,$878,8,904,impossible
inc.com,92,skyscraper-technique,13%,$887,3,592,impossible
semrush.com,88,guest-post-outreach,11%,$723,4,439,hard
inc.com,92,skyscraper-technique,13%,$895,8,628,impossible
semrush.com,88,guest-post-outreach,11%,$728,9,652,hard
inc.com,92,skyscraper-technique,13%,$906,2,730,impossible
inc.com,92,skyscraper-technique,13%,$908,6,051,impossible
inc.com,92,skyscraper-technique,13%,$909,3,718,impossible
semrush.com,88,guest-post-outreach,11%,$736,3,118,hard
inc.com,92,skyscraper-technique,13%,$913,6,255,impossible
inc.com,92,skyscraper-technique,13%,$923,6,357,impossible
inc.com,92,skyscraper-technique,13%,$925,10,956,impossible
inc.com,92,skyscraper-technique,13%,$926,10,567,impossible
semrush.com,88,guest-post-outreach,11%,$754,10,576,hard
semrush.com,88,guest-post-outreach,11%,$756,6,389,hard
semrush.com,88,guest-post-outreach,11%,$760,3,256,hard
semrush.com,88,guest-post-outreach,11%,$773,10,478,hard
semrush.com,88,guest-post-outreach,11%,$780,9,673,hard
semrush.com,88,guest-post-outreach,11%,$798,3,978,hard
semrush.com,88,guest-post-outreach,11%,$806,3,405,hard
semrush.com,88,guest-post-outreach,11%,$825,6,562,hard
semrush.com,88,guest-post-outreach,11%,$846,1,513,hard
semrush.com,88,guest-post-outreach,11%,$853,5,858,hard
semrush.com,88,guest-post-outreach,11%,$868,3,320,hard
semrush.com,88,guest-post-outreach,11%,$868,5,852,hard
semrush.com,88,guest-post-outreach,11%,$873,4,631,hard
semrush.com,88,guest-post-outreach,11%,$874,7,550,hard
semrush.com,88,guest-post-outreach,11%,$896,10,095,hard
ahrefs.com,89,guest-post-outreach,9%,$784,7,147,hard
business2community.com,74,broken-link-building,79%,$592,4,923,medium
business2community.com,74,broken-link-building,79%,$606,7,424,medium
business2community.com,74,broken-link-building,85%,$699,2,704,medium
business2community.com,74,broken-link-building,85%,$714,1,180,medium
business2community.com,74,broken-link-building,85%,$730,2,090,medium
business2community.com,74,resource-page-inclusion,85%,$780,7,742,medium
business2community.com,74,broken-link-building,85%,$788,9,039,medium
business2community.com,74,broken-link-building,79%,$735,4,698,medium
business2community.com,74,resource-page-inclusion,79%,$790,5,915,medium
business2community.com,74,broken-link-building,61%,$652,8,333,medium
business2community.com,74,unlinked-mention-reclaim,61%,$693,1,003,medium
business2community.com,74,unlinked-mention-reclaim,61%,$729,1,607,medium
business2community.com,74,broken-link-building,61%,$751,6,314,medium
business2community.com,74,unlinked-mention-reclaim,61%,$768,10,120,medium
contentmarketinginstitute.com,79,broken-link-building,51%,$703,10,418,medium
contentmarketinginstitute.com,79,unlinked-mention-reclaim,51%,$750,9,682,medium
contentmarketinginstitute.com,79,broken-link-building,51%,$766,3,153,medium
contentmarketinginstitute.com,79,broken-link-building,51%,$773,6,604,medium
contentmarketinginstitute.com,79,broken-link-building,42%,$654,10,445,medium
contentmarketinginstitute.com,79,unlinked-mention-reclaim,42%,$670,3,176,medium
contentmarketinginstitute.com,79,resource-page-inclusion,42%,$746,2,681,medium
backlinko.com,78,broken-link-building,42%,$766,5,948,medium
contentmarketinginstitute.com,79,unlinked-mention-reclaim,42%,$778,7,730,medium
backlinko.com,78,resource-page-inclusion,42%,$772,10,759,medium
neilpatel.com,77,resource-page-inclusion,35%,$665,6,646,medium
neilpatel.com,77,unlinked-mention-reclaim,35%,$674,10,581,medium
neilpatel.com,77,broken-link-building,35%,$728,1,120,medium
neilpatel.com,77,broken-link-building,35%,$732,1,047,medium
backlinko.com,78,unlinked-mention-reclaim,34%,$745,5,035,medium
neilpatel.com,77,unlinked-mention-reclaim,35%,$796,1,025,medium